Fold,Precision,Recall,Accuracy
0.0,0.4279333382703448,0.4134199134199134,0.4134199134199134
1.0,0.44099858275702525,0.4383116883116883,0.4383116883116883
2.0,0.42219438274791626,0.42036836403033584,0.42036836403033584
3.0,0.4759612553258243,0.4658721560130011,0.4658721560130011
4.0,0.4423887006982833,0.43661971830985913,0.43661971830985913
