Fold,Precision,Recall,Accuracy
0.0,0.4415563363819585,0.44372294372294374,0.44372294372294374
1.0,0.4458099079972832,0.44155844155844154,0.44155844155844154
2.0,0.4293857474219784,0.4247020585048754,0.4247020585048754
3.0,0.42877540665207653,0.4257854821235103,0.4257854821235103
4.0,0.41987998976993157,0.4160346695557963,0.4160346695557963
