Fold,Precision,Recall,Accuracy
0.0,0.4702215396629465,0.4675324675324675,0.4675324675324675
1.0,0.47612759993736015,0.46320346320346323,0.46320346320346323
2.0,0.4618287560133347,0.4561213434452871,0.4561213434452871
3.0,0.4567639279945026,0.4528710725893825,0.4528710725893825
4.0,0.4745001521219234,0.4723726977248104,0.4723726977248104
