Fold,Precision,Recall,Accuracy
0.0,0.48794720148288295,0.49242424242424243,0.49242424242424243
1.0,0.47970933400165017,0.48593073593073594,0.48593073593073594
2.0,0.4839494000459719,0.4875406283856988,0.4875406283856988
3.0,0.4728193178122873,0.48320693391115926,0.48320693391115926
4.0,0.48039160880940174,0.49729144095341277,0.49729144095341277
