Fold,Precision,Recall,Accuracy
0.0,0.4972061161379213,0.5032467532467533,0.5032467532467533
1.0,0.5159059667645696,0.5227272727272727,0.5227272727272727
2.0,0.49571181275148984,0.5070422535211268,0.5070422535211268
3.0,0.5069990705787912,0.5113759479956663,0.5113759479956663
4.0,0.4688910756507036,0.47778981581798485,0.47778981581798485
