Fold,Precision,Recall,Accuracy
0.0,0.47855308311031036,0.4935064935064935,0.4935064935064935
1.0,0.516730071949303,0.5248917748917749,0.5248917748917749
2.0,0.49199332777578175,0.49945828819068255,0.49945828819068255
3.0,0.47561016322012994,0.48537378114842905,0.48537378114842905
4.0,0.48545258359390936,0.49837486457204766,0.49837486457204766
