Fold,Precision,Recall,Accuracy
0.0,0.4649700534264752,0.4621212121212121,0.4621212121212121
1.0,0.46242191915417363,0.4642857142857143,0.4642857142857143
2.0,0.47727289129324,0.47778981581798485,0.47778981581798485
3.0,0.5015914587160839,0.5037919826652221,0.5037919826652221
4.0,0.44111388339114244,0.4496208017334778,0.4496208017334778
