Fold,Precision,Recall,Accuracy
0.0,0.45837569276399354,0.4653679653679654,0.4653679653679654
1.0,0.4760039890284232,0.47835497835497837,0.47835497835497837
2.0,0.470979849836019,0.47020585048754066,0.47020585048754066
3.0,0.48726497835225585,0.49079089924160346,0.49079089924160346
4.0,0.4824741770075681,0.48320693391115926,0.48320693391115926
