,precision,recall,f1-score,support
B,0.3230769230769231,0.20588235294117646,0.25149700598802394,204.0
A,0.43283582089552236,0.39545454545454545,0.4133016627078384,220.0
D,0.6450381679389313,0.6842105263157895,0.6640471512770137,247.0
C,0.48787878787878786,0.6388888888888888,0.5532646048109965,252.0
