,precision,recall,f1-score,support
B,0.3712871287128713,0.3393665158371041,0.3546099290780142,221.0
A,0.3991769547325103,0.4369369369369369,0.41720430107526874,222.0
C,0.484251968503937,0.5125,0.4979757085020242,240.0
D,0.6294642857142857,0.5875,0.6077586206896552,240.0
