,precision,recall,f1-score,support
A,0.3420074349442379,0.42592592592592593,0.37938144329896906,216.0
C,0.4354066985645933,0.39565217391304347,0.4145785876993166,230.0
D,0.5502183406113537,0.5338983050847458,0.5419354838709676,236.0
B,0.3472222222222222,0.3112033195020747,0.3282275711159738,241.0
