,precision,recall,f1-score,support
B,0.2890995260663507,0.3112244897959184,0.29975429975429974,196.0
C,0.49019607843137253,0.423728813559322,0.4545454545454545,236.0
A,0.39473684210526316,0.42857142857142855,0.4109589041095891,245.0
D,0.5661157024793388,0.556910569105691,0.5614754098360656,246.0
