,precision,recall,f1-score,support
A,0.39823008849557523,0.4186046511627907,0.4081632653061225,215.0
B,0.3526570048309179,0.33640552995391704,0.3443396226415094,217.0
D,0.5852713178294574,0.6452991452991453,0.6138211382113822,234.0
C,0.5689655172413793,0.5136186770428015,0.5398773006134968,257.0
