,precision,recall,f1-score,support
A,0.39662447257383965,0.44976076555023925,0.42152466367713004,209.0
B,0.3873239436619718,0.24017467248908297,0.29649595687331537,229.0
D,0.6498194945848376,0.743801652892562,0.6936416184971097,242.0
C,0.49063670411985016,0.5390946502057613,0.5137254901960784,243.0
