,precision,recall,f1-score,support
A,0.35294117647058826,0.37681159420289856,0.36448598130841126,207.0
C,0.4717741935483871,0.5342465753424658,0.5010706638115633,219.0
B,0.3392857142857143,0.2544642857142857,0.29081632653061223,224.0
D,0.6608391608391608,0.6923076923076923,0.6762075134168157,273.0
